{
  "servers": {
    "microsoft-docs": {
      "type": "http",
      "url": "https://learn.microsoft.com/api/mcp",
      "gallery": true
    },
    "memory": {
      "type": "stdio",
      "command": "npx",
      "args": ["-y", "@modelcontextprotocol/server-memory@latest"],
      "env": {
        "MEMORY_FILE_PATH": "${input:memory_file_path}"
      },
      "gallery": true
    },
    "desktop-commander": {
      "type": "stdio",
      "command": "npx",
      "args": ["-y", "@wonderwhy-er/desktop-commander"],
      "gallery": true
    },
    "sequential-thinking": {
      "command": "npx",
      "args": ["-y", "@modelcontextprotocol/server-sequential-thinking"],
      "env": {},
      "type": "stdio"
    },
    "playwright": {
      "command": "npx",
      "args": ["@playwright/mcp@latest"]
    }
  },
  "inputs": [
    {
      "id": "memory_file_path",
      "type": "promptString",
      "description": "Path to the memory storage file",
      "password": false
    }
  ]
}
